{"latency": 2.46173, "num_urls": 1, "rtt*size": 0.0012879999999999999}