{"latency": 14.054171400000001, "num_urls": 1, "rtt*size": 1264.0202058}