{"latency": 11.0243364, "num_urls": 5, "rtt*size": 15260.0874656}