{"latency": 10.6385428, "num_urls": 5, "rtt*size": 11351.086315600001}