{"latency": 10.643302799999999, "num_urls": 5, "rtt*size": 10941.0866818}