{"latency": 10.4384008, "num_urls": 5, "rtt*size": 11126.0862024}