{"latency": 10.381474800000001, "num_urls": 5, "rtt*size": 12862.0871536}