{"latency": 11.444729599999999, "num_urls": 5, "rtt*size": 10943.0866222}