{"latency": 10.3249402, "num_urls": 5, "rtt*size": 10930.0863356}