{"latency": 10.947076200000001, "num_urls": 5, "rtt*size": 11121.087050400001}