{"latency": 10.382157799999998, "num_urls": 5, "rtt*size": 11299.0871438}