{"latency": 11.1633028, "num_urls": 5, "rtt*size": 12639.0871096}