{"latency": 10.8458972, "num_urls": 5, "rtt*size": 10936.0866188}