{"latency": 11.1063174, "num_urls": 5, "rtt*size": 9916.086454}