{"latency": 10.608534, "num_urls": 5, "rtt*size": 11302.0862652}