{"latency": 10.8193136, "num_urls": 5, "rtt*size": 12220.0867814}