{"latency": 11.5051132, "num_urls": 5, "rtt*size": 10940.0860526}