{"latency": 10.889796399999998, "num_urls": 5, "rtt*size": 11675.0864976}