{"latency": 11.303850800000001, "num_urls": 5, "rtt*size": 10947.0864946}