{"latency": 11.2063636, "num_urls": 5, "rtt*size": 10942.088518}