{"latency": 10.8107188, "num_urls": 5, "rtt*size": 76264.0726678}