{"latency": 10.8683098, "num_urls": 5, "rtt*size": 92395.0670268}