{"latency": 11.1553584, "num_urls": 5, "rtt*size": 92449.0666414}