{"latency": 10.636092199999998, "num_urls": 5, "rtt*size": 10784.0858816}