{"latency": 11.753718000000001, "num_urls": 5, "rtt*size": 92711.0676126}