{"latency": 11.4034312, "num_urls": 5, "rtt*size": 93150.066353}