{"latency": 11.1500796, "num_urls": 5, "rtt*size": 92342.0664336}