{"latency": 11.2905934, "num_urls": 5, "rtt*size": 92241.0672702}