{"latency": 11.683800999999999, "num_urls": 5, "rtt*size": 92092.0675998}