{"latency": 16.6020736, "num_urls": 5, "rtt*size": 16409.0914814}