{"latency": 16.5509006, "num_urls": 5, "rtt*size": 8933.0786518}