{"latency": 16.939711199999998, "num_urls": 5, "rtt*size": 9148.0909292}