{"latency": 11.247625600000001, "num_urls": 5, "rtt*size": 10350.082912400001}