{"latency": 11.6516008, "num_urls": 5, "rtt*size": 10982.0895486}