{"latency": 10.707212000000002, "num_urls": 5, "rtt*size": 10801.089134599999}