{"latency": 14.3236762, "num_urls": 1, "rtt*size": 1264.0204254}