{"latency": 10.455424400000002, "num_urls": 5, "rtt*size": 14852.086467}