{"latency": 2.9818027999999996, "num_urls": 1, "rtt*size": 0.0014392}