{"latency": 12.938313200000001, "num_urls": 1, "rtt*size": 1264.0203006}