{"latency": 11.130517399999999, "num_urls": 5, "rtt*size": 14954.086399}