{"latency": 11.3372806, "num_urls": 5, "rtt*size": 15056.086761}