{"latency": 10.6394938, "num_urls": 5, "rtt*size": 16129.086220199999}